date,col_0,col_1,col_2,col_3,col_4,y,ts_id
2020-01-31,0.8943632031009255,0.24296004385801173,0.5750819891208,0.317651940367781,0.9301819382181221,16,0
2020-02-29,0.048276378023955346,0.1057588958910387,0.20841588895622942,0.5243082312769819,0.8774426442862318,30,0
2020-03-31,0.5359639810892,0.1079532703864372,0.6021971283231529,0.009331929181372156,0.5416861515244735,21,0
2020-04-30,0.9403838427339759,0.9007189709315057,0.15946014802284958,0.5124413512357254,0.9438579668065399,17,0
2020-05-31,0.6709847507525339,0.8609452965961671,0.39759415123276287,0.43501174119696073,0.39299993995292337,85,0
2020-06-30,0.8670666629049328,0.8926417698520337,0.15983863360813633,0.8769608881049527,0.7438807583846745,40,0
2020-07-31,0.15650015884935498,0.44094738685833657,0.7269756170900497,0.46200901819449514,0.9115309131808494,31,0
2020-08-31,0.4577731856272029,0.6873942412409996,0.5090176515760473,0.10408126650476046,0.2465454869753616,86,0
2020-09-30,0.2705525961914199,0.534390307929296,0.4464264835156514,0.5707266684126941,0.1030482572437863,92,0
2020-10-31,0.9378052232508036,0.13792345281512064,0.8640522571049978,0.46284724114458853,0.21367373717753024,24,0
2020-11-30,0.16561333287273272,0.3795663744882781,0.1776087730571796,0.33474973302939615,0.8529595895699122,65,0
2020-12-31,0.4381779181470683,0.8548654137033898,0.9555554572061056,0.30742374290993013,0.26261549805359663,19,0
2021-01-31,0.9241798763062757,0.7837587774232514,0.39137356906376464,0.5990040337083836,0.7002035139851701,37,0
2021-02-28,0.815992148248787,0.48214962176374077,0.9984704417157498,0.2866045004209482,0.09538016873799215,66,0
2021-03-31,0.4321087029817413,0.32236072303237473,0.9211580308971847,0.8100934002258443,0.3067599114434425,47,0
2021-04-30,0.28486684320062183,0.9653631951032312,0.6189640523823221,0.9707069951551776,0.6105198191922242,14,0
2021-05-31,0.04484996065432756,0.8339412593242266,0.6149349731411662,0.7524869442806926,0.4997020322100526,69,0
2021-06-30,0.4804077372806067,0.9881037554538773,0.3007662225404393,0.03172360196774904,0.15835261823619495,38,0
2021-07-31,0.2286881420066894,0.8761871423756693,0.45829283348245176,0.7169051702519249,0.8851582217050507,62,0
2021-08-31,0.38495397369214246,0.7840164295126875,0.20946361176173134,0.9340652358733121,0.3068662214586334,14,0
2021-09-30,0.4540088460590799,0.28251599889615353,0.8427927047953817,0.6206262096027143,0.0036856166691944248,60,0
2021-10-31,0.09515897619104019,0.800081607743291,0.13334268108418879,0.540304093864,0.5299616785012389,68,0
2020-01-31,0.7098417001878635,0.8758658942615541,0.3813035473000159,0.07674279641229642,0.6698407688278729,10,1
2020-02-29,0.7562348682128378,0.5152286860151231,0.8173012438584107,0.39935759794992154,0.8873937468801328,51,1
2020-03-31,0.8746978931928752,0.26266607462821423,0.9356635657389648,0.06648110941743679,0.31248992904796524,63,1
2020-04-30,0.27054079064936376,0.24602496973590238,0.4445191395680882,0.7346371225551707,0.9192664360789957,16,1
2020-05-31,0.5621987239942873,0.3122036747189917,0.9836000037793978,0.20003740997906283,0.5066978597627403,57,1
2020-06-30,0.13119898536961194,0.2027939487575906,0.6386871142921277,0.09413020168790454,0.8396690645562416,72,1
2020-07-31,0.09612746954658058,0.8075644249927814,0.5286634347558208,0.225447582966249,0.9996618698900661,75,1
2020-08-31,0.7006983116450285,0.6922479849844413,0.21416418569327988,0.9885242747729475,0.05863322397089288,57,1
2020-09-30,0.10808190225753578,0.6750541135690021,0.9442333170798509,0.26662858017874436,0.5352540757233838,16,1
2020-10-31,0.7496839795518706,0.48622461776115,0.7506900976907286,0.9972027224403237,0.5459900656939969,21,1
2020-11-30,0.38390510829677105,0.3704749463987522,0.9397845890390244,0.06886339244208284,0.5361144659848844,98,1
2020-12-31,0.996165334840035,0.7810080588829165,0.0645528390281328,0.5718677387412812,0.8180622523793369,99,1
2021-01-31,0.20869114369344965,0.7691332720874696,0.6135771740056046,0.03358002430456852,0.04139003942336139,40,1
2021-02-28,0.5565794877901327,0.7714550563205538,0.655276171335838,0.9533074769276971,0.03598397902389405,68,1
2021-03-31,0.7569312975881615,0.6555054235197106,0.3895950778225665,0.78070904143362,0.18418550339048667,80,1
2021-04-30,0.259264332854621,0.971984946876947,0.478066052244538,0.09838631245281049,0.6815126992870122,46,1
2021-05-31,0.4072998103724327,0.0446663278710544,0.2034389124561211,0.364196076134902,0.07919073566045964,86,1
2021-06-30,0.7032058521326268,0.181312375822114,0.38726134407149027,0.6400684692961608,0.7834280061959775,43,1
2021-07-31,0.32994733871680515,0.25062601921315897,0.2928984099807479,0.6942020281157718,0.7723819680300726,74,1
2021-08-31,0.848568728198641,0.8733248691251148,0.6208339270806509,0.09800565788109061,0.23602517540375445,71,1
2021-09-30,0.10523744525947376,0.06479342723944115,0.7897899032949658,0.6647096393640607,0.5867057862082808,94,1
2021-10-31,0.023716458298331466,0.6755906576457557,0.49708567571532236,0.869427561392781,0.9861289842688687,90,1
2020-01-31,0.013861182292982388,0.9533086743769698,0.1350272848325792,0.21189274818791037,0.7223906228744807,49,2
2020-02-29,0.18716968336337603,0.03150134244279312,0.011646169677696716,0.12774784635023062,0.0875877726115275,36,2
2020-03-31,0.979452068621186,0.021814510534772347,0.8603057591656357,0.19603422512397284,0.5041102084377957,80,2
2020-04-30,0.5912718097791206,0.4738360427101067,0.13679888594928413,0.6798195031123996,0.06510305956701856,98,2
2020-05-31,0.7575834861180685,0.7420246073699431,0.7053418810376958,0.2962390564792743,0.787767997688455,49,2
2020-06-30,0.6955895043974939,0.22793755241065983,0.5249974650052257,0.626822677124024,0.2592831336859803,84,2
2020-07-31,0.8186537368314141,0.2887530885708056,0.7984183303933258,0.48513271324025253,0.25774458677347023,33,2
2020-08-31,0.20312173639051256,0.7711324158991179,0.8265154100086192,0.9346887214869778,0.8267752061253649,34,2
2020-09-30,0.2337010315313809,0.15584543214991253,0.8777713173949842,0.0783320743286976,0.2244102663769888,72,2
2020-10-31,0.9536135284544932,0.7534835600557791,0.7301253123658825,0.47238506918081746,0.3176430401313688,65,2
2020-11-30,0.0037110018189646654,0.09695227422851305,0.9771640411167517,0.4539684569918998,0.5610415695668584,67,2
2020-12-31,0.7010886093865593,0.7594453979896209,0.35314178417094044,0.3307048200951471,0.2342365760233054,41,2
2021-01-31,0.45130356653075543,0.47656781281106264,0.5957303682210519,0.18481584815383323,0.34821557128756586,32,2
2021-02-28,0.013309396801374218,0.14709206016316134,0.3792908394710881,0.26172724909358047,0.6240617716990379,93,2
2021-03-31,0.49290157910398646,0.8575396512216966,0.2779308264121769,0.6905037733717994,0.3664582946678381,42,2
2021-04-30,0.1644824972551603,0.7763961649431373,0.9121224447061181,0.7625767663760542,0.16776910571136427,55,2
2021-05-31,0.30783647072463005,0.14885646472730807,0.319147534198732,0.3341517672696913,0.607429159794458,92,2
2021-06-30,0.11557864754908431,0.7666904431092206,0.6402525926832731,0.18853314909978514,0.4711659062834924,97,2
2021-07-31,0.2053809185631561,0.13911463326198914,0.7694462642689109,0.3471537475423756,0.3006727942765074,14,2
2021-08-31,0.30371130358957676,0.2138259645898023,0.3649548642453925,0.8018530812896281,0.5383816423633702,75,2
2021-09-30,0.3182570811400447,0.8752194334599729,0.017226821253702562,0.6584461231520462,0.12133942193885483,92,2
2021-10-31,0.26402119263099066,0.6892298008177205,0.6389916042838726,0.18613396258968518,0.05733681279926339,81,2
2020-01-31,0.4445447382954726,0.7068246838336096,0.6978875902001623,0.007983686481467744,0.05781090217983953,27,3
2020-02-29,0.7542581883169358,0.9108939473290923,0.6013250087421472,0.9698498945247601,0.5443094377955845,28,3
2020-03-31,0.3454904360174792,0.1728907360275157,0.6142994359130864,0.15922259692102003,0.8837517284108567,19,3
2020-04-30,0.015576996360843087,0.4754020571742089,0.5867330225552603,0.5788662112722865,0.4784896107095843,93,3
2020-05-31,0.8155360524733569,0.4848174911726314,0.612600542802554,0.3013570122834156,0.08803996881352416,98,3
2020-06-30,0.8718918837743677,0.8060754003933104,0.8160312950352311,0.4881493913555871,0.7892872772533756,64,3
2020-07-31,0.5464249237081329,0.318904781688384,0.42333273893488055,0.8936470088853001,0.09886845888498808,89,3
2020-08-31,0.17847045125277283,0.8590751478602062,0.5998322481377968,0.29413426066807324,0.7246060410380677,59,3
2020-09-30,0.9432162598124162,0.6619977335992664,0.6240129997474773,0.09356206523057842,0.6540734071240505,45,3
2020-10-31,0.0987104619093161,0.32508090167292325,0.8900356376533027,0.3827657951409278,0.08105352600777427,18,3
2020-11-30,0.5589316689417315,0.4700721797093702,0.4408454903131158,0.21931136402490048,0.01388578036229593,16,3
2020-12-31,0.047414101445306445,0.13496745742523475,0.5761673337330354,0.8217606981849297,0.8091954862614228,12,3
2021-01-31,0.9364910983693814,0.3530235968368678,0.20304108591703296,0.827103321487799,0.24425048881347178,28,3
2021-02-28,0.9152645499172363,0.35546819828348086,0.22454478863925975,0.48441234471470396,0.9264454463949265,77,3
2021-03-31,0.13642443061391962,0.6195361486069194,0.9136378937404747,0.2631295466949818,0.40605451973808104,74,3
2021-04-30,0.482784215245455,0.21616512525151044,0.1874460758141917,0.3874878293105024,0.24604494254910259,43,3
2021-05-31,0.9310137511601678,0.7672485955529657,0.1025596870804576,0.5121598847278913,0.10904304377848884,90,3
2021-06-30,0.03864239828875449,0.6543942015341037,0.26597927311344327,0.5735775867657484,0.2866963694404807,67,3
2021-07-31,0.5710714946771726,0.5510929701049913,0.07726596954373777,0.5369374108056753,0.9593652561856186,75,3
2021-08-31,0.20457337085461558,0.5159477554191019,0.2065203895669151,0.9140407940720465,0.2848297028559723,27,3
2021-09-30,0.7248784647999871,0.8141074354332061,0.06557498907948944,0.2456990609360823,0.7081130500489312,55,3
2021-10-31,0.524681601953613,0.4246014372219863,0.2850962116367092,0.844153825547477,0.5941092076575283,83,3
2020-01-31,0.2976758698381574,0.36990711737357884,0.5657383411097822,0.012552672603696635,0.29414417181898933,89,4
2020-02-29,0.2748868111825118,0.5520334652704237,0.7782147028518034,0.9935903095186961,0.9554918710220607,26,4
2020-03-31,0.7968256874700596,0.5834979905284492,0.34018415584055894,0.9909573053211961,0.8169971254335939,55,4
2020-04-30,0.8946576999643086,0.44585961648548533,0.08568706198909004,0.48392855571029203,0.539414632048235,40,4
2020-05-31,0.3861071725045284,0.35248580498021087,0.0390675134935915,0.23833987682286684,0.8640590739487795,6,4
2020-06-30,0.31884476313643517,0.5382666401324295,0.07610652106311444,0.6104076193753509,0.9348210132016331,86,4
2020-07-31,0.6225485186551287,0.7589935899438788,0.5533923966216752,0.7318523146323584,0.8846851189643162,89,4
2020-08-31,0.8662976876620336,0.07474333595233507,0.3856926261856507,0.45940766309983505,0.46271348559244885,53,4
2020-09-30,0.3220004986947037,0.005882533460517814,0.7068466621739051,0.4786808063427108,0.5970834553455261,98,4
2020-10-31,0.06468472017410332,0.49165038811803885,0.6231164058949202,0.004286734346944154,0.20500692042541924,97,4
2020-11-30,0.557700778998828,0.8339197238559887,0.3754790712729249,0.7935745266643619,0.8090190974081723,96,4
2020-12-31,0.20623768066021664,0.588274834263786,0.49958555554151374,0.1359095822899945,0.010970017750833283,24,4
2021-01-31,0.3516612528272559,0.0663005259713485,0.4503310397677892,0.5838347900098244,0.7830794177926683,85,4
2021-02-28,0.1619831013255334,0.816224713420633,0.09539323994977289,0.5574872526703385,0.5410509181371396,85,4
2021-03-31,0.3656361496304491,0.011061263681254152,0.17574651136529995,0.9657445644225595,0.6220165236035164,83,4
2021-04-30,0.8456644017883612,0.2465633802881313,0.14886861695480857,0.3609454042060357,0.20214240394739913,33,4
2021-05-31,0.5874358202892817,0.1283630562976419,0.03257935757611474,0.4614726503193516,0.08689644934062812,71,4
2021-06-30,0.4235172339237643,0.07519864600392923,0.9167738200645886,0.762141379534443,0.33694695959451526,72,4
2021-07-31,0.47200409917494224,0.30420382481443164,0.9553444703436014,0.8022093152562213,0.28667278801876916,54,4
2021-08-31,0.6154977678369828,0.09300948489509853,0.5941345474735898,0.23663651028494337,0.5691229859634409,11,4
2021-09-30,0.615501214929922,0.9260601871558313,0.9880841388725282,0.6471231390928407,0.9257378732533778,42,4
2021-10-31,0.6195291782573017,0.3120815350507108,0.2512311170167838,0.5951014933275234,0.9477426179280145,40,4
2020-01-31,0.4367916717401793,0.26779321345360163,0.5459077501478689,0.009472645498666887,0.49507801701838083,98,5
2020-02-29,0.3373035717838897,0.42197305524502904,0.24603759584558205,0.8606569119432558,0.37478630760281173,19,5
2020-03-31,0.8377581905710366,0.2904525313720524,0.7857064470694572,0.04972241319019621,0.9694925432679539,27,5
2020-04-30,0.6005437500619168,0.8447275250236919,0.007685026483188806,0.4510566339145301,0.3819885345545855,64,5
2020-05-31,0.6782460594910293,0.38864924901083175,0.2681455647739879,0.405654005504251,0.7302984803131115,80,5
2020-06-30,0.23824843697946518,0.6197838592425656,0.8391341012647455,0.409751174845428,0.03429553209734182,41,5
2020-07-31,0.4233547293861012,0.8735431080343573,0.22073749651293306,0.7937003005141304,0.4975747556479472,44,5
2020-08-31,0.9094266025819294,0.3590525819293132,0.06133909793018644,0.6407654839034491,0.35803553240329933,18,5
2020-09-30,0.006633472614267166,0.736601424106858,0.01455622379503585,0.9811545755713728,0.19728808977330414,17,5
2020-10-31,0.6955942275255477,0.22818052124441157,0.4181653127562496,0.7248103985414971,0.3752073363266232,56,5
2020-11-30,0.28173792962327726,0.8690553411271613,0.6798891854544895,0.44325577174228536,0.2863903342648617,44,5
2020-12-31,0.42789325840267245,0.034258910941110554,0.5072982466590107,0.7230499559308807,0.15205546597635022,78,5
2021-01-31,0.9135922976034402,0.272953352539851,0.6594248663400477,0.879194219761753,0.6490243519803391,21,5
2021-02-28,0.3287494727913036,0.27341398532228944,0.0621903116342305,0.38548925897991315,0.7985423455819477,72,5
2021-03-31,0.31500823621865826,0.2112620845190034,0.16384799657154248,0.9949029284344759,0.5936286031229224,37,5
2021-04-30,0.6970479165674845,0.021568739804867287,0.31529538146174396,0.911279198689055,0.5005740689139043,82,5
2021-05-31,0.002627724997313896,0.04599545995766774,0.5925051756888788,0.2509275374729757,0.6441115594853821,85,5
2021-06-30,0.42554555917064496,0.8178838666303083,0.15514895971091414,0.7331664113218461,0.881867331857282,11,5
2021-07-31,0.10239033924354879,0.31201460692695515,0.6443826682771392,0.06912616412712913,0.8181510710681128,91,5
2021-08-31,0.6694768490267047,0.2313871232364333,0.8378176474588922,0.3301021990237172,0.5654734301720737,52,5
2021-09-30,0.7797879447466065,0.5329340131395996,0.8021953326014266,0.014802904522651872,0.47653544268652503,43,5
2021-10-31,0.3590770385204287,0.0696129204597592,0.10511345339704092,0.7293933283209201,0.021420453425346708,81,5
2020-01-31,0.5695590216030219,0.38681268512308786,0.35289905604898353,0.3887067122872321,0.0652635167359934,5,6
2020-02-29,0.8737137035617302,0.07416480342042953,0.3112133701509905,0.656257838625031,0.256044851784189,87,6
2020-03-31,0.31555077303871426,0.9920044903224985,0.9236838867542866,0.09437470457283936,0.0659264097775637,19,6
2020-04-30,0.7549080941609871,0.12072258479648879,0.6307681837070037,0.10377981038599926,0.24573256800723897,47,6
2020-05-31,0.9364101336664666,0.4295429798255065,0.15794366743404709,0.5552033840088972,0.10539899523326635,77,6
2020-06-30,0.9257751920557987,0.6422176034443587,0.8637583708341451,0.767945077326128,0.37493023304338446,61,6
2020-07-31,0.7406489955484575,0.4687129759898757,0.8114463512305087,0.8095481804318727,0.47951164859965867,46,6
2020-08-31,0.0904410165806433,0.3037513241748856,0.014517271754827088,0.6719685895767643,0.14224775560966907,46,6
2020-09-30,0.24483118386134706,0.6584211785646398,0.4914053863395381,0.4335039187705262,0.7052544494837754,25,6
2020-10-31,0.3638065445930456,0.6478442694075441,0.2683650819235889,0.7654747684563735,0.4793396666209534,19,6
2020-11-30,0.11565882104508751,0.8467669738194015,0.8930574190192238,0.5379483593666148,0.28864600561807385,66,6
2020-12-31,0.5787903777142974,0.67209600388526,0.4609887759620306,0.4665979171054242,0.5713913476670816,42,6
2021-01-31,0.0688408634854506,0.43331254613344417,0.057401853877035114,0.1410759563557823,0.7011109144679927,65,6
2021-02-28,0.03491736658801359,0.8886418544644561,0.6415092160153371,0.6780873015240622,0.8834629336349527,39,6
2021-03-31,0.5341800154899199,0.15207860681470453,0.8993296565418398,0.5373635586680003,0.7854780864245535,61,6
2021-04-30,0.6145814878132853,0.5915060405536726,0.26760035638992374,0.37690702386848174,0.9548165116656426,54,6
2021-05-31,0.2507433434945806,0.32955718473605666,0.6011188764443699,0.6694180161312521,0.9119226801677618,52,6
2021-06-30,0.7954501647451178,0.7915075512890263,0.1021805232208528,0.7780680088637258,0.01225417252430172,80,6
2021-07-31,0.26900994023196123,0.14406982129427248,0.13264441054755838,0.9921888848901647,0.8073492108984309,80,6
2021-08-31,0.2403487374564649,0.991083868206054,0.6839372607511351,0.802794351930369,0.2715184157474899,33,6
2021-09-30,0.5036875250146337,0.4162990090052069,0.5699846126566719,0.3908334855024287,0.760735497491562,66,6
2021-10-31,0.5060569273788802,0.8589939441269947,0.2088928218973366,0.15539394071030999,0.8560131131432878,50,6
2020-01-31,0.0219389979609953,0.4505634973467372,0.6344590005580324,0.888889294142689,0.5148023193274682,61,7
2020-02-29,0.34243616184111725,0.47127097196744117,0.3394825627995497,0.056450568203521456,0.9934756450109327,57,7
2020-03-31,0.9705322363660471,0.6695284821286102,0.9206715600822387,0.3385050191010548,0.6623543158657859,64,7
2020-04-30,0.5392986929058984,0.800228039220101,0.1841747013709485,0.4529273885977825,0.8222035230126552,92,7
2020-05-31,0.02531094674840495,0.9061787581214558,0.6605068428697173,0.5445882293259537,0.6761449198992693,87,7
2020-06-30,0.6221650738812289,0.21198999945368535,0.7465342757036248,0.8465858479104915,0.6678817105345369,55,7
2020-07-31,0.9307369380699004,0.5322003417094427,0.8537958892156394,0.6529635255483833,0.05392792113379141,26,7
2020-08-31,0.5600894660972537,0.7877569762922901,0.22065401395975148,0.5039851797455962,0.08289141957568713,37,7
2020-09-30,0.5292157932996542,0.19497853796278797,0.2331767107671069,0.13285901930930621,0.12986904796587684,61,7
2020-10-31,0.42413359491662084,0.08738378724918994,0.5272690707619624,0.07903347357348478,0.6875093893120096,95,7
2020-11-30,0.9750952949683585,0.8278770984303869,0.5427523237886781,0.3606162240125542,0.46634033635882954,76,7
2020-12-31,0.41699247612048396,0.26044129993474674,0.12815642937898264,0.6113989432774697,0.951845371431125,92,7
2021-01-31,0.5272791282320727,0.8189924334222951,0.22340874347621886,0.5458826709201784,0.20471306062610362,76,7
2021-02-28,0.16207164632874127,0.35992492961248945,0.4522872542444256,0.678884340824935,0.2755467166704816,27,7
2021-03-31,0.9649630006582649,0.21978608452404114,0.3351150373816836,0.2804618089033981,0.4876804274813623,43,7
2021-04-30,0.5905607323809596,0.27981903065424063,0.4079649243592115,0.3402113369643551,0.2605023770568826,5,7
2021-05-31,0.2758483602698045,0.9071332309806618,0.09166315003022829,0.5850297308339574,0.42749201065602727,56,7
2021-06-30,0.575318289913969,0.2707351214061523,0.8363383050940475,0.795627364331126,0.1693266965659599,19,7
2021-07-31,0.45838757415054376,0.801390612621205,0.2143710345112163,0.14424183119479528,0.055721566030534464,68,7
2021-08-31,0.6527763086392562,0.36317545591827327,0.41362200883669153,0.5241740828076281,0.7857246432476949,65,7
2021-09-30,0.2091221539947088,0.3098256792728361,0.9304643629543505,0.6015791247974986,0.13843733668907343,69,7
2021-10-31,0.7067403833725412,0.7634046677723845,0.20911792846243038,0.1627445727175112,0.8247137838759936,21,7
2020-01-31,0.2914580502131269,0.6742283697260066,0.6824357070674283,0.9083657855881149,0.34849454074932307,30,8
2020-02-29,0.8062456778770194,0.6340746991417696,0.2925475118529093,0.10144552178886324,0.12351186139759696,66,8
2020-03-31,0.9888042596576162,0.9635370922571181,0.8783824927587328,0.8880028077994684,0.5057229320271521,87,8
2020-04-30,0.7045575096471139,0.8407826967571115,0.004157081089116277,0.6061425280737495,0.19281094598257975,11,8
2020-05-31,0.7300508165507389,0.06123676206100337,0.7066505586578541,0.9994134243994923,0.3796248787274965,46,8
2020-06-30,0.4780107189856406,0.6725450087040921,0.6049200258426239,0.7114636328969451,0.8095795034019618,67,8
2020-07-31,0.8915812654568789,0.16273099832579885,0.9666846554662473,0.6027523777189949,0.15263969550423695,25,8
2020-08-31,0.4733947620777149,0.26579168244265183,0.2442965256404307,0.47986988393526486,0.3047008068991155,17,8
2020-09-30,0.7121095638215866,0.221783536537155,0.8880147945163873,0.4699812911582224,0.8659422150823669,44,8
2020-10-31,0.3450003807114237,0.023469492572551265,0.053672999580252734,0.24255566798862682,0.40314970283751106,54,8
2020-11-30,0.13132902600227514,0.43878343383508556,0.778606034885005,0.8664842135495778,0.1375549972967126,89,8
2020-12-31,0.009886427579757773,0.956183588073335,0.2579668356272299,0.3420370710095034,0.3250564287299842,93,8
2021-01-31,0.5593514241771995,0.20328975563118934,0.7428848193887032,0.7480367498451438,0.3820541124674647,53,8
2021-02-28,0.04653386174929086,0.6609544552335984,0.6196166355239494,0.37048589406480537,0.6481804775203344,33,8
2021-03-31,0.6636919604367058,0.04722430219010609,0.4362070735849908,0.37852399725840724,0.9663592613447554,72,8
2021-04-30,0.3069383353278038,0.14785075726430508,0.9360511794026958,0.6057806520999979,0.16318493892048713,33,8
2021-05-31,0.9725381677896704,0.23794555394825223,0.45807698194138313,0.6129708448996503,0.8858364216106851,34,8
2021-06-30,0.5924195313830448,0.5658625984470869,0.25759858250658396,0.6986933686256748,0.6577735929196914,86,8
2021-07-31,0.11501605051014663,0.4324428399414445,0.26037823972176166,0.41169490131548714,0.8675310690011236,77,8
2021-08-31,0.7247167413104725,0.9953452530751904,0.37367448814269555,0.5361716406768682,0.08500874072771669,49,8
2021-09-30,0.2101722690496437,0.18979524851555973,0.7197978819830944,0.5426073971291122,0.5748159817656231,29,8
2021-10-31,0.5075260916264237,0.95219051985138,0.8411043627446207,0.08202099205383295,0.9617078935338486,50,8
2020-01-31,0.17595132704918603,0.11563950542090962,0.0008891175461851475,0.30333802752690053,0.0018054935782867432,54,9
2020-02-29,0.6481718398585591,0.9140538795424442,0.5439348276722218,0.8302520252446915,0.4965620357256191,14,9
2020-03-31,0.3985694909704084,0.09940666131521725,0.01792290646815997,0.9035747735961464,0.7779528981369362,67,9
2020-04-30,0.361428624273209,0.8253361743073582,0.923202895554639,0.8085275143251734,0.47610799940927906,55,9
2020-05-31,0.31291212003720836,0.20686600613322326,0.6735160160629509,0.7567907402143074,0.5627382686627698,98,9
2020-06-30,0.06636095657795982,0.6908224072277582,0.4225913976497141,0.7443756567578093,0.09068141310479094,26,9
2020-07-31,0.16002806937684955,0.9913302492021122,0.7469513903039243,0.8106389405796207,0.40192683789037287,93,9
2020-08-31,0.4579678365288199,0.07993906838063503,0.4138369294409606,0.47698967687767624,0.09031865662405036,22,9
2020-09-30,0.522928070016902,0.3323371776117784,0.2259742410953659,0.24795201295961755,0.8632982960019163,41,9
2020-10-31,0.30641318722486666,0.8202393491347519,0.681973634810663,0.1283063592167497,0.8421506463883793,73,9
2020-11-30,0.7249507832326961,0.5331282708710919,0.21045829049786613,0.5805768853143829,0.1094726177146993,69,9
2020-12-31,0.9284832192311443,0.623756527053448,0.05757398203161901,0.7201359587407543,0.7278653551025144,46,9
2021-01-31,0.8041586099117796,0.7926341359743242,0.9214097636598012,0.3936573409674463,0.83326620410527,73,9
2021-02-28,0.1830113089768699,0.9479273337339447,0.0767178861228952,0.03246361649151974,0.8391862846365367,64,9
2021-03-31,0.41694185204744705,0.4715475824169797,0.2740858207212258,0.03883852705118285,0.5404433081426079,52,9
2021-04-30,0.9633375650850828,0.7859818358504299,0.5482297039065562,0.998753104785945,0.3802008675492028,87,9
2021-05-31,0.07803331873686747,0.1436998865262571,0.8146069449455973,0.7076437915750264,0.3530616285968896,92,9
2021-06-30,0.6926606411797483,0.8541434733200862,0.2671264694634703,0.5536067974065032,0.6568005491718121,60,9
2021-07-31,0.18718941156214064,0.4701852676429886,0.05692799649900038,0.21473369298088418,0.6328097891860902,66,9
2021-08-31,0.8130163354170002,0.2931101717923458,0.42527901961223,0.3226565984697388,0.024566335067573997,59,9
2021-09-30,0.19296059645986197,0.8119509656519776,0.7243235596746287,0.394146606063846,0.2617371940320349,25,9
2021-10-31,0.7039371121555439,0.7673668552119214,0.13111098679638022,0.06774274801202551,0.08873762711933808,85,9
2020-01-31,0.6068283455283114,0.5928155158194917,0.8032309785782873,0.473945617204498,0.5401849713742476,45,10
2020-02-29,0.11214208576389917,0.16759655658824169,0.3285422940564763,0.37282324951194656,0.7598117061970209,94,10
2020-03-31,0.40885563502882616,0.8235479285592738,0.6172757069839659,0.02023908216846071,0.647969588243079,16,10
2020-04-30,0.21561162748884466,0.2892943327206249,0.4835791300116855,0.19593684925303434,0.9037214534153134,47,10
2020-05-31,0.6886060451442575,0.4899170953334463,0.8136232766541143,0.3435220022874721,0.20135529740211922,97,10
2020-06-30,0.8062215582906587,0.013180901032975978,0.13441784971081705,0.4269540223323768,0.26415416613252973,52,10
2020-07-31,0.7375740879036945,0.5549814426589511,0.08646275703574591,0.9915295370626285,0.2741783025888307,56,10
2020-08-31,0.3488831687124647,0.5911754557155081,0.3523059652109134,0.9316293867790714,0.3889155183027624,10,10
2020-09-30,0.08400452786274182,0.3749305021010828,0.07434839045367936,0.11111864619740619,0.9211499545884596,77,10
2020-10-31,0.21983580037095451,0.22182798966682238,0.8082147012498574,0.2530877316512701,0.3373997769900957,18,10
2020-11-30,0.9049750906674923,0.4986053242223659,0.4522137710011951,0.6427836772041312,0.5796691797681197,70,10
2020-12-31,0.6073235802082885,0.695476783223725,0.0659557873184482,0.9478734308708123,0.8615613421957294,25,10
2021-01-31,0.598309664532905,0.8571840122770812,0.4312953900289632,0.02258548155456508,0.05837605929589995,90,10
2021-02-28,0.8568747875499931,0.7706155255125245,0.06127182557533062,0.5709620828344423,0.09411815637465948,94,10
2021-03-31,0.4341002430577475,0.8374006828960591,0.44502234584735834,0.5904132635290888,0.46047925989972005,52,10
2021-04-30,0.5576042179567788,0.2451699274590522,0.6086142918311939,0.04246351452141217,0.3949413492319791,78,10
2021-05-31,0.4921374454082085,0.8343833833006125,0.9832643025065789,0.31792145273612915,0.18739543400293468,33,10
2021-06-30,0.4831479548693426,0.1391620349742425,0.8156589430655893,0.4067626750066371,0.3535842346861914,26,10
2021-07-31,0.16715517644745914,0.8367951901266293,0.7634486514376339,0.061747971483470665,0.7746271220103403,32,10
2021-08-31,0.4353762782854206,0.7919191116691319,0.010734094884339407,0.15254872765407423,0.015395114191462445,62,10
2021-09-30,0.8862956993050414,0.9241615468509208,0.5718303623695576,0.01593567266039364,0.9456841902172094,60,10
2021-10-31,0.2658573478488889,0.24551417325429314,0.9665205342568927,0.2750424091574316,0.2850519008582364,28,10
2020-01-31,0.1498898892258882,0.5500309038033198,0.061700076173245355,0.7925928586185286,0.4729592161684034,76,11
2020-02-29,0.7896451682249602,0.7574612930135224,0.8768365578413742,0.7666595439662052,0.5302020682325722,41,11
2020-03-31,0.6723141369035149,0.7173142808142906,0.1201171081677529,0.23604715418048627,0.3484329048856071,87,11
2020-04-30,0.5967735193441644,0.748874465613603,0.3468204367190455,0.08621700167454738,0.7945482011487569,58,11
2020-05-31,0.49718722837685525,0.8652067326027926,0.07201958884942272,0.12166587086289582,0.5034769877439778,19,11
2020-06-30,0.09315194513159597,0.2724433378575145,0.4962772405121685,0.23452843565840242,0.054266333444920045,14,11
2020-07-31,0.6382592962929139,0.15541205992806162,0.6883322363874085,0.3801338318914498,0.23729051309870475,29,11
2020-08-31,0.9358365483414255,0.21350184617595203,0.012532507776108481,0.43449364726289164,0.139111620657713,87,11
2020-09-30,0.6272551247750985,0.1454466221511006,0.5570025806991559,0.06623188597017948,0.037173832679816665,95,11
2020-10-31,0.7892700498388184,0.471482222469347,0.960144281791859,0.47797381900830016,0.1836981272744298,51,11
2020-11-30,0.53211149691969,0.2845006850203543,0.6018026444588361,0.9136613450187142,0.33594158525700835,44,11
2020-12-31,0.4863428624713937,0.8832037068083726,0.39731441468979556,0.01539312175912022,0.3658220686133994,84,11
2021-01-31,0.8310145879845481,0.08202717132494641,0.9589333297564024,0.2813529730727331,0.20726753625913974,69,11
2021-02-28,0.9265435478517774,0.9938322296042111,0.0329854137481973,0.9284447805960313,0.3452763238450608,21,11
2021-03-31,0.6720395150310282,0.059018945795128674,0.6088747202463178,0.46487315092132453,0.9148144897025817,33,11
2021-04-30,0.9496899687590618,0.3426245815920512,0.6684357347027517,0.4289715296355241,0.8828336874645865,24,11
2021-05-31,0.8929564891092837,0.8142439354727117,0.0032549472055020123,0.6124924621704245,0.5228239151149936,39,11
2021-06-30,0.7310324872078128,0.8947428765137309,0.5613150746338391,0.24108713221988232,0.3943519316008739,41,11
2021-07-31,0.6966855582564779,0.22865537132111624,0.37700005490660915,0.9731543063294585,0.6988581050467482,68,11
2021-08-31,0.9773863180658726,0.7532558392990429,0.5557693921109105,0.5770096721045093,0.3532161842532887,11,11
2021-09-30,0.0949867381670616,0.6460348358382114,0.20442422175763364,0.2202012428887279,0.01222087166416097,90,11
2021-10-31,0.47929232049638715,0.9324207892523202,0.03789812647245305,0.797811143597908,0.6427511567245516,82,11
2020-01-31,0.4551601217502995,0.16361779830834822,0.22480921043510915,0.8262290442512554,0.9175440040505798,5,12
2020-02-29,0.16410424872511742,0.09678036534773471,0.2625947228820604,0.38850507220076025,0.3133003082856226,80,12
2020-03-31,0.8148981654252857,0.028343614510328963,0.9510628590754672,0.1461208896536853,0.7882462882450674,94,12
2020-04-30,0.8652508051021028,0.8742797226528106,0.05363881911532464,0.5085885486888342,0.17669973956482865,92,12
2020-05-31,0.7270232619288426,0.7503700860631588,0.793375234050174,0.08285052978428264,0.5521909598487242,85,12
2020-06-30,0.6654870774097422,0.33742485089352114,0.8453323825417397,0.012709362796993529,0.13515579074550388,79,12
2020-07-31,0.20783672238133477,0.451647137621383,0.46171489797496734,0.023661862784594145,0.08696654621422661,79,12
2020-08-31,0.3670573503801927,0.6149210737063674,0.09570607769868988,0.07552978131580868,0.5802758296435131,39,12
2020-09-30,0.37992497809915626,0.6768644119892461,0.06309639992055283,0.8844366911702245,0.7687479271861626,74,12
2020-10-31,0.14174729111419082,0.3857119079370267,0.23695889198304787,0.2388506147455951,0.14203380464213922,24,12
2020-11-30,0.6429304549861814,0.7439546216625219,0.45069497987057383,0.5235943185273993,0.09354952921570592,27,12
2020-12-31,0.4953566728223917,0.6104153316077048,0.637140582222148,0.4867426837584946,0.061321210539172166,26,12
2021-01-31,0.3282991293867946,0.7122965322409578,0.9207710213944272,0.8688787110132224,0.6416938207019116,53,12
2021-02-28,0.6014168771151108,0.17565955678361955,0.3348735297879267,0.11523295287572544,0.5752438971914917,80,12
2021-03-31,0.8714824696873267,0.27539231793362784,0.7236075296641197,0.30722322030685645,0.6524218116008766,38,12
2021-04-30,0.37647148571298483,0.027058524134049855,0.5502940168338533,0.27812810670401655,0.18311418158397252,23,12
2021-05-31,0.14118176829335116,0.4125761985862212,0.3225088774070183,0.1342631738677269,0.3749634750709737,70,12
2021-06-30,0.7345534602965829,0.5542177375282333,0.09131429356308518,0.7306900873804311,0.11626153832860209,16,12
2021-07-31,0.24380935051574504,0.3803545294158246,0.32643109590551644,0.027710298835982083,0.6288809902584525,74,12
2021-08-31,0.16022136891880379,0.5764613997444045,0.2896813796721107,0.12519672013737126,0.8306066076394851,78,12
2021-09-30,0.5734223319775087,0.4385389735138472,0.5360931993440838,0.962329743456946,0.04169197953046544,57,12
2021-10-31,0.37421189230319607,0.5598299059354056,0.8576625719835544,0.38023957916495366,0.20103171775649253,95,12
2020-01-31,0.8437004814927477,0.29185171203162674,0.2008720640668049,0.18034382791806147,0.014430642740740462,83,13
2020-02-29,0.42771919645178413,0.43737010939210297,0.0018726826361170623,0.938462364691895,0.024600349020490242,50,13
2020-03-31,0.7787219993119966,0.3180034403637094,0.297929427125849,0.6080954187712052,0.9322514024919275,28,13
2020-04-30,0.31040502964532424,0.07680112011330209,0.3705246168723155,0.5195686507555713,0.953701983693199,97,13
2020-05-31,0.893456278109485,0.044083763448087065,0.6584781978464824,0.36564118197918594,0.9539307873991514,59,13
2020-06-30,0.22082620142372766,0.10245920501274386,0.1392016428462476,0.9974793431534998,0.5322491422327338,17,13
2020-07-31,0.4990104199937234,0.7786530855371719,0.35576887249662836,0.005421330927332546,0.11643073503199253,31,13
2020-08-31,0.16016164270105193,0.24834224297347485,0.38136444640321354,0.29545549434432994,0.5207513551989895,95,13
2020-09-30,0.928543176821019,0.8706446393034654,0.15775047096449724,0.7282586660310216,0.21222987777832947,14,13
2020-10-31,0.4476583054957092,0.3004583105729217,0.33632003707427593,0.5796798315483087,0.13280883992798354,55,13
2020-11-30,0.21263090395820028,0.8379699842345036,0.6311698923208299,0.6329599332080942,0.5572780491074528,21,13
2020-12-31,0.3668336778680642,0.3173313128680355,0.8937878728704425,0.28008096989791487,0.7130494799919745,85,13
2021-01-31,0.5331887391479385,0.23611300361402676,0.8067843022936677,0.1634450889051805,0.007566225913375635,30,13
2021-02-28,0.5949377422594113,0.6053088976105802,0.2563456334429076,0.21188341352733453,0.6101576573725045,8,13
2021-03-31,0.9298866590676729,0.8573956607364503,0.682939535032948,0.3575955594517297,0.37256113531096346,59,13
2021-04-30,0.18309203149699427,0.684749861292402,0.20941180415585559,0.7557575858549693,0.3263085821645313,99,13
2021-05-31,0.24373775834246492,0.9041752899168749,0.3662045205470268,0.8729053066737148,0.9426200254176986,41,13
2021-06-30,0.1656139460473517,0.029122086140037307,0.5050648780679831,0.6019016677995915,0.684166093704123,29,13
2021-07-31,0.12423592459541988,0.7672603881849817,0.7184493952911221,0.7012520826554751,0.027613471578241566,56,13
2021-08-31,0.9018810129219851,0.5848156627786011,0.24423420871972712,0.19901071618779975,0.3759858281201075,41,13
2021-09-30,0.8497099100839233,0.24544689747226833,0.7645492565591514,0.5936917354396835,0.6950137127081846,71,13
2021-10-31,0.07068839664635751,0.2828675616729376,0.3056908062302981,0.9650175131716101,0.8299476890076242,37,13
2020-01-31,0.44052900186719124,0.09713080992291667,0.4448406076139484,0.2293140498310352,0.6769284581508394,69,14
2020-02-29,0.2368383789244063,0.6287718022855524,0.4273946076858046,0.4578492069882568,0.2976446105881112,87,14
2020-03-31,0.844718777996221,0.6485212974154633,0.5247792159528574,0.27183436907639025,0.8715767563958551,70,14
2020-04-30,0.22565393558036084,0.8614444760823262,0.301574478302868,0.06809480076668095,0.5375191706642156,52,14
2020-05-31,0.19843839745969716,0.8472671283750246,0.390587360040733,0.7905185941350283,0.9292299209574839,74,14
2020-06-30,0.6033147678686294,0.9691079330683615,0.38987477737546683,0.534195180536612,0.6130010702958574,67,14
2020-07-31,0.43430646837764797,0.6087495747928673,0.5573316267858988,0.738301310199694,0.6676843608715005,14,14
2020-08-31,0.6726476147992394,0.2049197645248123,0.7312279652294299,0.6641964890942413,0.5198520937556148,33,14
2020-09-30,0.17712785246331375,0.2772962567992986,0.7810645852807229,0.5470756471795077,0.21098411506215686,81,14
2020-10-31,0.413331277759338,0.15711126438029976,0.8536757218781349,0.7980718102119285,0.013448480752934255,16,14
2020-11-30,0.2679688077433464,0.2785333298635764,0.6424328615443474,0.21324741675390424,0.13530277363346166,85,14
2020-12-31,0.09789917595295305,0.18273008233972698,0.9846347821777517,0.2802730667066,0.29069338579870874,52,14
2021-01-31,0.7504535768657434,0.5041231834324768,0.34193964145115296,0.759057297736825,0.6670212175747441,54,14
2021-02-28,0.09323587411561829,0.9000391566015405,0.0026459184810111447,0.8607192953286369,0.34018270200618117,95,14
2021-03-31,0.5508087998396196,0.32627770381664467,0.9915438202046305,0.4698039727945791,0.0402959848731923,96,14
2021-04-30,0.8360453743020134,0.20088857974025165,0.9476295980292984,0.6021499002780822,0.020640275795497542,5,14
2021-05-31,0.9544395382973855,0.515495224915417,0.5165816940467157,0.9963068798792223,0.31565366640879633,95,14
2021-06-30,0.9827102322361402,0.7775228335132256,0.1685074384007158,0.08150534840235357,0.2992433256565884,88,14
2021-07-31,0.8672316537837199,0.38103850899259806,0.6578917105359416,0.9773303600019659,0.015251857587313289,42,14
2021-08-31,0.3895395370075677,0.32343385985117856,0.5191940313578254,0.6879043960899205,0.22965847307080756,94,14
2021-09-30,0.1128348534668201,0.06596733701984014,0.453409338908646,0.8980220397684668,0.3434716885046618,22,14
2021-10-31,0.10809134373246054,0.4753100727716043,0.8136474393892266,0.3777219150512462,0.5560689781702434,51,14
2020-01-31,0.13746302806617205,0.9016428043466088,0.22637188276225118,0.5401756005370513,0.09833267496043119,12,15
2020-02-29,0.12376830720905663,0.33323474248128215,0.5146288219158324,0.5388854127750347,0.21429510899954907,12,15
2020-03-31,0.8480911785420474,0.6370516927225875,0.6663739343304115,0.8170984789181007,0.8810282932784617,22,15
2020-04-30,0.6538843241768425,0.6552417451260901,0.5658474779893882,0.577797785297795,0.6701468960781857,83,15
2020-05-31,0.26097254828144745,0.935682848475446,0.6673268381815205,0.3614126150228473,0.06335203056263783,80,15
2020-06-30,0.5401392778794518,0.6679203708601505,0.7217922918985223,0.7760383464522602,0.3264121175704443,14,15
2020-07-31,0.11509004759775121,0.08434706133909076,0.6981598464299601,0.3348206223430168,0.5009889592518031,82,15
2020-08-31,0.2491027393795726,0.41308315681300534,0.253017400791006,0.153087055633215,0.7856907265104215,85,15
2020-09-30,0.41136130032222407,0.8991102396831895,0.4478274175645335,0.2112516324919793,0.7780710347858321,44,15
2020-10-31,0.1508829703159923,0.30844507751986194,0.459877047883571,0.23536388389892704,0.935304314408295,93,15
2020-11-30,0.005517120662007935,0.06787120411422187,0.0019462477139351453,0.9436960162232041,0.6137163391552597,48,15
2020-12-31,0.09796791316367737,0.13939961139571555,0.9577109564580174,0.25603401901859646,0.07701768626839811,10,15
2021-01-31,0.6266089014312533,0.008609801160647579,0.6497594186420056,0.8896959375932716,0.5115920761222225,69,15
2021-02-28,0.6230512741749513,0.5599357659557324,0.03990985589504048,0.6659395050450034,0.898272171541214,14,15
2021-03-31,0.17226586337992855,0.31738872954676034,0.3637279529473587,0.10870055325674344,0.644876072557136,81,15
2021-04-30,0.922418351913017,0.014114764966226101,0.22124621658712296,0.9574658028430603,0.981938894275003,25,15
2021-05-31,0.40196019463280075,0.5626901837090781,0.51072756549255,0.18787318597977487,0.8874468326141496,92,15
2021-06-30,0.8558909321731308,0.22749638204164546,0.6210472365294852,0.1480062533462252,0.5923605989815649,5,15
2021-07-31,0.18422283730673583,0.44186518719912304,0.5407539587763633,0.19767699792132354,0.9273818272974675,42,15
2021-08-31,0.04369861837801747,0.24128771619636868,0.7928751602336238,0.4593738317014353,0.6533044992836526,85,15
2021-09-30,0.27881372124585846,0.5885014541145484,0.4624221064351792,0.824134006931301,0.956742105788725,98,15
2021-10-31,0.8206412171300693,0.3500466395235564,0.01970328696299306,0.9820321342604257,0.9993089068238535,80,15
2020-01-31,0.4171415145679215,0.16473830336212414,0.052323925001171556,0.11969017779180646,0.035484269327235474,69,16
2020-02-29,0.41884501519509443,0.6831537676232136,0.5390757000534171,0.9573968719172502,0.9292333509540128,7,16
2020-03-31,0.09587374407360938,0.18718154810058585,0.476279515042494,0.9386646988864766,0.5167029261597152,36,16
2020-04-30,0.7698495853089509,0.7875054288912635,0.424194055157079,0.8900616774956184,0.7820543008929189,68,16
2020-05-31,0.30760150743673853,0.19112791875108093,0.49471002355345683,0.9696328234692088,0.1059547315236401,45,16
2020-06-30,0.36777055603035924,0.597586164754435,0.5607533521139756,0.4351005894530926,0.5996617499056072,88,16
2020-07-31,0.7228649393421918,0.010876578466721853,0.016247711385649732,0.9021343294485624,0.7517948260922588,80,16
2020-08-31,0.569615967846073,0.5966797783742814,0.07118381323681222,0.3555492843207205,0.4906337169812015,24,16
2020-09-30,0.36826288251143036,0.2919004376102976,0.3881582097729873,0.5909654578158834,0.25526676154692096,25,16
2020-10-31,0.24420700054828925,0.8868315052364647,0.7299691936699853,0.20457570497149313,0.02885303386217819,32,16
2020-11-30,0.5337620173993473,0.9410792241955194,0.516539321999157,0.445899736371292,0.41965542688345536,36,16
2020-12-31,0.2808452608021095,0.8789201181464332,0.19166272328458378,0.49665511788544603,0.9133305572624435,70,16
2021-01-31,0.8254018149623825,0.5012243717433539,0.707453314325789,0.9194551055318396,0.5935673145098189,87,16
2021-02-28,0.5407488314895743,0.9462546640632686,0.2702413715502554,0.952404943767453,0.16322080642098113,61,16
2021-03-31,0.4023223403878653,0.40236190912515235,0.6466911804589498,0.6854411707158745,0.40500209303835766,7,16
2021-04-30,0.6874957587644309,0.7367422324870998,0.6199389774932246,0.3526957250456033,0.25726858428462873,64,16
2021-05-31,0.44833239185243423,0.97370602588565,0.2796783179262382,0.801368039543992,0.390323306535555,58,16
2021-06-30,0.06981001463522529,0.9171116585860332,0.6491377569328877,0.40995813066238873,0.759114817689993,29,16
2021-07-31,0.46474944899258586,0.3960984133983505,0.01644565574043433,0.35923464819736217,0.8823686991561216,30,16
2021-08-31,0.13372016225502315,0.38280035045198857,0.2471240049214516,0.30516897353530215,0.9782709327573945,71,16
2021-09-30,0.9752956022888526,0.3767487150032861,0.42494124557193924,0.06038430875334455,0.5560700083367374,58,16
2021-10-31,0.023253226390972603,0.14385973883950864,0.5380310669480832,0.04832333070596051,0.7690862765770129,58,16
2020-01-31,0.09679691492316733,0.41727620650552855,0.15504444941119933,0.26209122932348916,0.5720210979544537,5,17
2020-02-29,0.3154457720746976,0.762422790113733,0.8381586219648419,0.15845854395795356,0.8331634476981337,25,17
2020-03-31,0.7195249785183061,0.07013374023020058,0.7695846691267413,0.3413376080083578,0.8090601086753911,79,17
2020-04-30,0.19083609498143128,0.016564180387999006,0.7086633575429885,0.7175298296748953,0.12151678329028659,46,17
2020-05-31,0.6361909248665721,0.030074780414646396,0.7231295863873485,0.3367653681782563,0.1453945159805634,11,17
2020-06-30,0.4251088670070394,0.9164807825395748,0.6993299929065809,0.40266302838740475,0.8784370069306089,10,17
2020-07-31,0.8570502955695083,0.2687795693430268,0.4298240163521706,0.5263937248018724,0.9480239232913555,95,17
2020-08-31,0.677061012398642,0.5081927812237909,0.7234912693947776,0.44878096542533397,0.2238220514625806,91,17
2020-09-30,0.25245600712200755,0.24156982895284296,0.3940584785550758,0.44053241464187864,0.15077244303670156,20,17
2020-10-31,0.3845257942792225,0.8143776314919943,0.24186990548254184,0.7042739273851913,0.958515135142359,21,17
2020-11-30,0.8248987942440823,0.513342879221334,0.9612555484827122,0.1950434109746021,0.7456156923268429,23,17
2020-12-31,0.6209146878371135,0.8020231094803785,0.025900257821385164,0.05425625436168868,0.6272559911955544,92,17
2021-01-31,0.1427617196253892,0.168019338570496,0.7705819366588099,0.5746725681073273,0.10509308206099499,72,17
2021-02-28,0.0011722964504227162,0.47618065001088383,0.6691762506746404,0.5699153719941061,0.35245754165815657,70,17
2021-03-31,0.1644460095118192,0.2232272851287056,0.6570661995697149,0.25103497374916683,0.5177961954754923,39,17
2021-04-30,0.9962875574972042,0.04041355972947547,0.9360572786869854,0.9561918875161233,0.5535228468222686,42,17
2021-05-31,0.09207649936097861,0.22073806081044667,0.9969193603565218,0.32351048338506494,0.6504478098071733,5,17
2021-06-30,0.3724364335373872,0.45873290078364803,0.14166595510128666,0.00038539560019079655,0.8202035711261411,35,17
2021-07-31,0.7017599296946224,0.3913409210771701,0.8860182101185655,0.9849270013765351,0.824596339328864,14,17
2021-08-31,0.5878090009760347,0.6776335560832348,0.9899429137186248,0.1624357935449574,0.886509555416238,79,17
2021-09-30,0.3713741738025206,0.9620378916653504,0.639491595526706,0.868646897918664,0.0472973252774157,88,17
2021-10-31,0.17792151324067662,0.47812975483682196,0.40359861953970255,0.5849797474178339,0.9929472170673047,78,17
2020-01-31,0.007353980699183804,0.10702101709592182,0.25726391678025773,0.05756508602415067,0.643198014829697,86,18
2020-02-29,0.3299929466927276,0.7284200884408408,0.6867053454263095,0.6661682046690808,0.4861471007053163,96,18
2020-03-31,0.5021968268123238,0.3333513105055732,0.24769595228257957,0.9463798050613134,0.1958835208255746,51,18
2020-04-30,0.6229398722553285,0.07556456417390012,0.8440706536968806,0.5063753890027275,0.3361196402407792,32,18
2020-05-31,0.544324893703279,0.8094183726222204,0.06373475112728233,0.15131230522712213,0.862702293931594,47,18
2020-06-30,0.1000347299924107,0.3057565730143754,0.6600501191207238,0.46452573235909334,0.2660572899793824,98,18
2020-07-31,0.0742832016442817,0.545334537083415,0.4761847360886954,0.9115035109828875,0.3153714071744408,44,18
2020-08-31,0.7166020972565069,0.9032028746188613,0.39800077343007434,0.11303994180908294,0.07849819320554763,32,18
2020-09-30,0.549064143360766,0.36454542824023894,0.09595924091223151,0.49773889855670395,0.5902980178649186,67,18
2020-10-31,0.03505010190009539,0.1388307623134598,0.7236882786023837,0.2652967474681657,0.2639114657035114,53,18
2020-11-30,0.03353055239001823,0.6102807080334964,0.4566611631669856,0.975385342379149,0.5211474009342731,96,18
2020-12-31,0.03331235965550927,0.6672455662562436,0.7382832624373153,0.6013138565678678,0.7212893774028927,17,18
2021-01-31,0.7645822162671237,0.09884912871433615,0.8355979333416562,0.09243858479441613,0.40482927984929606,27,18
2021-02-28,0.4511706501223762,0.006415152663260981,0.6889729719658441,0.6032168349957537,0.4116332111302461,78,18
2021-03-31,0.592741194437884,0.9306850638050164,0.35267418339002343,0.45986283341858536,0.5340121917816296,61,18
2021-04-30,0.22846175381940115,0.2137600564864971,0.786304827455444,0.9721764657762659,0.2505351828641009,19,18
2021-05-31,0.13618016227413676,0.9451583105657816,0.14926709046141862,0.5952547933409221,0.9683343776006106,23,18
2021-06-30,0.9809145775476716,0.6885835790647152,0.08227913616861815,0.9983427047229243,0.8724678020784362,47,18
2021-07-31,0.10475391736905049,0.47664753170545204,0.9613705979792476,0.8159737271557539,0.7137885339427654,79,18
2021-08-31,0.4182296325033096,0.1388450470762399,0.481360081312455,0.488729912036832,0.062219158707679134,34,18
2021-09-30,0.5868103417782453,0.20313376561911867,0.5399492806728501,0.7515096053993029,0.10200266326356411,46,18
2021-10-31,0.3459014931536415,0.45581617712375044,0.27203363901848354,0.8012174481384283,0.6537883740868938,10,18
2020-01-31,0.07068618245578462,0.3860031970700992,0.608732656468341,0.19870755141653484,0.6633175126328604,72,19
2020-02-29,0.8644199295561341,0.5329680505372041,0.8017068968279667,0.5671738751411893,0.8021852444826819,20,19
2020-03-31,0.14613439487097557,0.08561550558755571,0.32945297603456514,0.5624057650549744,0.5442856207959105,30,19
2020-04-30,0.37491894091856026,0.23237772886826547,0.49345891765316985,0.3324994236880512,0.5228419154995271,51,19
2020-05-31,0.2885365725949369,0.4879795003713093,0.6384987902547076,0.051610840197527263,0.7688868596646256,92,19
2020-06-30,0.7587278143623558,0.4960114138448941,0.3137011963406773,0.4311214630724418,0.6971062744941043,75,19
2020-07-31,0.858330467329275,0.7116959197305697,0.3959738690837211,0.28925829401285563,0.38156650384660507,65,19
2020-08-31,0.03262121370637627,0.5958303733581833,0.42169509118643556,0.8769224770833239,0.588133963169915,58,19
2020-09-30,0.31463641019735256,0.31872148188903293,0.5151263411278281,0.36920955170684255,0.42115229377403174,93,19
2020-10-31,0.745801608858682,0.11581080170582181,0.9761648743390928,0.5974176617932371,0.27027878593384624,86,19
2020-11-30,0.4004524271315738,0.9699032530542497,0.7438668485797703,0.4903503359456898,0.482706330951874,95,19
2020-12-31,0.22155679641506498,0.734963788796389,0.08407696765874917,0.02993547391118967,0.3740497015331208,84,19
2021-01-31,0.03753141295506113,0.3897536361834979,0.042913392181913035,0.4534864394763565,0.3849299593126,64,19
2021-02-28,0.5290022672693427,0.2624568790186169,0.4515410144731603,0.7153033057163795,0.924814605363955,97,19
2021-03-31,0.10993009824560629,0.8190170300025501,0.23517649464182766,0.28548171884646734,0.9837187097102746,5,19
2021-04-30,0.5502744206310441,0.5998743804249712,0.17137336478274,0.4573852609287127,0.6534202529641869,74,19
2021-05-31,0.022660910118772803,0.714440882552172,0.5988283881911635,0.7505550123010731,0.6428402413293399,55,19
2021-06-30,0.7161773848361885,0.4741160517013051,0.2207698497390569,0.5320038608222559,0.7582396142276289,11,19
2021-07-31,0.8970293281420553,0.12490650850442975,0.802782157469381,0.9553786469285537,0.3249498282003703,30,19
2021-08-31,0.38366902905203015,0.14577931289091173,0.4387231280981907,0.6510909634067706,0.38878355452128743,54,19
2021-09-30,0.12338075908631396,0.14461825300444386,0.35673136775226144,0.6281762951806236,0.5405904087120014,51,19
2021-10-31,0.2883108608397075,0.03187505894299203,0.08819679630060995,0.9219155896557726,0.6319133368616079,28,19
